id	mode	old_offset	new_offset	old_size	new_size	refs_updated
ODYSSEY-TXT-000077	relocated	0x017232D	0x1413A9C	29	37	0x0A3B6D4
ODYSSEY-TXT-000078	relocated	0x0172398	0x1413AC4	60	62	0x0160598
ODYSSEY-TXT-000079	relocated	0x0172433	0x1413B04	79	78	0x0AF2E1C
ODYSSEY-TXT-000080	relocated	0x0172434	0x1413B54	78	78	0x0AA2948
ODYSSEY-TXT-000081	inplace	0x0172482	0x0172482	61	61	
ODYSSEY-TXT-000082	inplace	0x01724BF	0x01724BF	29	26	
ODYSSEY-TXT-000083	relocated	0x0172514	0x1413BA4	7	10	0x0A54518
ODYSSEY-TXT-000084	relocated	0x017253F	0x1413BB0	26	32	0x0A919FC
ODYSSEY-TXT-000085	relocated	0x0172736	0x1413BD0	61	75	0x0AB0144
ODYSSEY-TXT-000086	relocated	0x0172737	0x1413C1C	60	75	0x0AFB4D4
ODYSSEY-TXT-000087	inplace	0x0172809	0x0172809	20	18	
ODYSSEY-TXT-000088	relocated	0x017281D	0x1413C68	39	43	0x0160614
ODYSSEY-TXT-000090	relocated	0x0172844	0x1413C94	31	36	0x0160618
ODYSSEY-TXT-000091	relocated	0x01729AC	0x1413CB8	62	70	0x016064C
ODYSSEY-TXT-000092	relocated	0x01729EA	0x1413D00	48	52	0x0160670
ODYSSEY-TXT-000093	relocated	0x0172A1A	0x1413D34	12	13	0x0160674
ODYSSEY-TXT-000094	relocated	0x0172AE0	0x1413D44	32	38	0x01605F0
ODYSSEY-TXT-000095	relocated	0x0172B00	0x1413D6C	100	125	0x01ACE14
ODYSSEY-TXT-000096	relocated	0x0172B64	0x1413DEC	53	71	0x01606E0
ODYSSEY-TXT-000097	relocated	0x0172BAB	0x1413E34	43	50	0x0160700
ODYSSEY-TXT-000098	relocated	0x0172CCB	0x1413E68	49	59	0x01607F4
ODYSSEY-TXT-000099	relocated	0x0172D82	0x1413EA4	45	48	0x0160818
ODYSSEY-TXT-000100	inplace	0x0172DAF	0x0172DAF	18	18	
ODYSSEY-TXT-000102	relocated	0x01732C6	0x1413ED4	66	70	0x0160A74
ODYSSEY-TXT-000103	relocated	0x0173421	0x1413F1C	8	13	0x06AECA0
ODYSSEY-TXT-000104	relocated	0x017345A	0x1413F2C	8	11	0x0E8697C
ODYSSEY-TXT-000105	relocated	0x01734A0	0x1413F38	51	66	0x0160B20
ODYSSEY-TXT-000106	relocated	0x01737D2	0x1413F7C	95	107	0x0160B90
ODYSSEY-TXT-000107	inplace	0x0173903	0x0173903	56	53	
ODYSSEY-TXT-000108	relocated	0x01739B1	0x1413FE8	20	23	0x0160C10
ODYSSEY-TXT-000109	relocated	0x0173AC5	0x1414000	53	59	0x0160BE8
ODYSSEY-TXT-000110	inplace	0x0173B21	0x0173B21	64	63	
ODYSSEY-TXT-000111	relocated	0x0173BA4	0x141403C	45	63	0x0160C54
ODYSSEY-TXT-000112	inplace	0x0173DB6	0x0173DB6	37	36	
ODYSSEY-TXT-000113	inplace	0x0173F83	0x0173F83	40	39	
ODYSSEY-TXT-000114	inplace	0x0173FAB	0x0173FAB	14	12	
ODYSSEY-TXT-000115	relocated	0x01740D6	0x141407C	32	50	0x0160D40
ODYSSEY-TXT-000116	relocated	0x017420E	0x14140B0	43	45	0x0160D58
ODYSSEY-TXT-000117	relocated	0x0174385	0x14140E0	46	47	0x0160DC4
ODYSSEY-TXT-000118	inplace	0x01743B3	0x01743B3	21	21	
ODYSSEY-TXT-000119	relocated	0x01743F8	0x1414110	76	89	0x0160DD8
ODYSSEY-TXT-000120	inplace	0x017446A	0x017446A	38	38	
ODYSSEY-TXT-000121	relocated	0x0174490	0x141416C	64	67	0x0160E10
ODYSSEY-TXT-000122	inplace	0x01744D0	0x01744D0	69	69	
ODYSSEY-TXT-000123	inplace	0x01745D9	0x01745D9	83	68	
ODYSSEY-TXT-000124	relocated	0x0174744	0x14141B0	64	67	0x0160F74
ODYSSEY-TXT-000125	inplace	0x0174877	0x0174877	61	58	
ODYSSEY-TXT-000126	relocated	0x01748B4	0x14141F4	7	10	0x0161058
ODYSSEY-TXT-000127	relocated	0x01749BB	0x1414200	56	60	0x016108C
ODYSSEY-TXT-000128	relocated	0x0174ABC	0x141423C	38	44	0x01C4804
ODYSSEY-TXT-000129	relocated	0x0174C03	0x1414268	45	56	0x0161158
ODYSSEY-TXT-000130	relocated	0x0174C8A	0x14142A0	31	36	0x0161120
ODYSSEY-TXT-000131	inplace	0x0174CA9	0x0174CA9	20	19	
ODYSSEY-TXT-000132	inplace	0x0174E08	0x0174E08	49	48	
ODYSSEY-TXT-000133	relocated	0x0174E39	0x14142C4	15	17	0x0161184
ODYSSEY-TXT-000134	inplace	0x0174E77	0x0174E77	22	18	
ODYSSEY-TXT-000135	relocated	0x0174ECA	0x14142D8	35	39	0x01611B4
ODYSSEY-TXT-000136	relocated	0x0174EED	0x1414300	13	15	0x01611B8
ODYSSEY-TXT-000137	relocated	0x0174FB3	0x1414310	46	49	0x01611EC
ODYSSEY-TXT-000138	inplace	0x017503A	0x017503A	32	30	
ODYSSEY-TXT-000140	relocated	0x017508C	0x1414344	51	64	0x01612A8
ODYSSEY-TXT-000141	relocated	0x01750BF	0x1414384	13	14	0x01612AC
ODYSSEY-TXT-000142	relocated	0x017511A	0x1414394	48	62	0x01612C0
ODYSSEY-TXT-000143	inplace	0x017514A	0x017514A	17	17	
ODYSSEY-TXT-000144	relocated	0x01753D0	0x14143D4	46	57	0x01613D4
ODYSSEY-TXT-000145	relocated	0x01753FE	0x1414410	14	15	0x01613D8
ODYSSEY-TXT-000146	relocated	0x017546A	0x1414420	30	35	0x016142C
ODYSSEY-TXT-000147	relocated	0x01755F2	0x1414444	59	66	0x0161690
ODYSSEY-TXT-000148	relocated	0x01756AD	0x1414488	43	50	0x01616B4
ODYSSEY-TXT-000149	relocated	0x01756D8	0x14144BC	10	23	0x01616B8
ODYSSEY-TXT-000150	inplace	0x017579D	0x017579D	36	35	
ODYSSEY-TXT-000151	relocated	0x0175A15	0x14144D4	26	35	0x0161768
ODYSSEY-TXT-000152	inplace	0x0175A62	0x0175A62	46	46	
ODYSSEY-TXT-000153	relocated	0x0175C0F	0x14144F8	49	61	0x016184C
ODYSSEY-TXT-000154	relocated	0x0175CBD	0x1414538	46	51	0x0161870
ODYSSEY-TXT-000155	relocated	0x0175CEB	0x141456C	14	15	0x0161874
ODYSSEY-TXT-000156	relocated	0x0175F93	0x141457C	23	25	0x01618EC
ODYSSEY-TXT-000157	relocated	0x01760DE	0x1414598	38	40	0x016195C
ODYSSEY-TXT-000158	relocated	0x0176104	0x14145C0	11	17	0x0161960
ODYSSEY-TXT-000159	relocated	0x0176181	0x14145D4	60	78	0x05F7C28
ODYSSEY-TXT-000160	relocated	0x017624D	0x1414624	25	28	0x0161938
ODYSSEY-TXT-000161	relocated	0x01762D7	0x1414640	46	49	0x0161B18
ODYSSEY-TXT-000162	relocated	0x0176486	0x1414674	60	61	0x0161BB0
ODYSSEY-TXT-000163	relocated	0x0176532	0x14146B4	65	77	0x0161BE8
ODYSSEY-TXT-000164	relocated	0x0176554	0x1414704	31	39	0x0D0E798
ODYSSEY-TXT-000165	relocated	0x01765B1	0x141472C	49	59	0x0161C58
ODYSSEY-TXT-000166	relocated	0x0176643	0x1414768	38	40	0x0161C20
ODYSSEY-TXT-000167	relocated	0x0176669	0x1414790	24	27	0x0161C24
ODYSSEY-TXT-000168	relocated	0x01767D0	0x14147AC	44	52	0x0161A9C
ODYSSEY-TXT-000169	relocated	0x0176954	0x14147E0	25	28	0x0161BFC
ODYSSEY-TXT-000170	relocated	0x017698C	0x14147FC	22	29	0x0161C88
ODYSSEY-TXT-000171	relocated	0x01769CF	0x141481C	46	54	0x0161CC0
ODYSSEY-TXT-000172	relocated	0x0176B54	0x1414854	45	57	0x0161D18
ODYSSEY-TXT-000173	inplace	0x0176B90	0x0176B90	19	16	
ODYSSEY-TXT-000174	relocated	0x0176BD0	0x1414890	43	46	0x0161D68
ODYSSEY-TXT-000175	inplace	0x0176D86	0x0176D86	52	51	
ODYSSEY-TXT-000176	relocated	0x0176EE7	0x14148C0	214	280	0x0161E64
ODYSSEY-TXT-000177	inplace	0x017729D	0x017729D	27	26	
ODYSSEY-TXT-000178	relocated	0x0177364	0x14149D8	45	48	0x016222C
ODYSSEY-TXT-000180	relocated	0x0177460	0x1414A08	27	42	0x01A7AE4
ODYSSEY-TXT-000181	relocated	0x0177498	0x1414A34	51	63	0x0162290
ODYSSEY-TXT-000182	relocated	0x01774CB	0x1414A74	24	29	0x0162294
ODYSSEY-TXT-000183	relocated	0x01775E7	0x1414A94	27	34	0x01622D4
ODYSSEY-TXT-000185	relocated	0x017776A	0x1414AB8	46	53	0x0162350
ODYSSEY-TXT-000186	relocated	0x0177778	0x1414AF0	32	30	0x100EE1C
ODYSSEY-TXT-000187	relocated	0x01777FD	0x1414B10	50	66	0x016236C
ODYSSEY-TXT-000188	relocated	0x0177846	0x1414B54	62	73	0x0162388
ODYSSEY-TXT-000189	relocated	0x0177885	0x1414BA0	24	27	0x1A083F8
ODYSSEY-TXT-000190	relocated	0x01778A8	0x1414BBC	46	58	0x01623A4
ODYSSEY-TXT-000191	relocated	0x0177A41	0x1414BF8	25	27	0x01623E4
ODYSSEY-TXT-000192	inplace	0x0177C47	0x0177C47	164	163	
ODYSSEY-TXT-000193	relocated	0x0177DC1	0x1414C14	209	223	0x0162460
ODYSSEY-TXT-000194	relocated	0x0178191	0x1414CF4	31	40	0x0162664
ODYSSEY-TXT-000195	relocated	0x0178409	0x1414D1C	23	37	0x0162774
ODYSSEY-TXT-000196	relocated	0x01786D7	0x1414D44	41	52	0x016290C
ODYSSEY-TXT-000197	relocated	0x0178E3F	0x1414D78	132	169	0x0162CEC
ODYSSEY-TXT-000198	relocated	0x01794EE	0x1414E24	11	18	0x0162E38
ODYSSEY-TXT-000199	relocated	0x0179613	0x1414E38	26	40	0x0162E6C
ODYSSEY-TXT-000200	relocated	0x017975F	0x1414E60	24	28	0x0162F08
ODYSSEY-TXT-000201	relocated	0x01798AD	0x1414E7C	48	56	0x0162EA8
ODYSSEY-TXT-000202	relocated	0x01798DD	0x1414EB4	12	18	0x0162EAC
ODYSSEY-TXT-000203	relocated	0x01799AC	0x1414EC8	52	59	0x0162F3C
ODYSSEY-TXT-000204	inplace	0x0179AC0	0x0179AC0	33	33	
ODYSSEY-TXT-000205	relocated	0x0179EAE	0x1414F04	91	106	0x0163288
ODYSSEY-TXT-000206	relocated	0x0179F62	0x1414F70	16	17	0x01633C4
ODYSSEY-TXT-000207	relocated	0x0179F72	0x1414F84	22	30	0x01633C8
ODYSSEY-TXT-000208	inplace	0x017A067	0x017A067	47	43	
ODYSSEY-TXT-000209	relocated	0x017A150	0x1414FA4	20	24	0x0163478
ODYSSEY-TXT-000210	inplace	0x017A164	0x017A164	18	17	
ODYSSEY-TXT-000211	relocated	0x017A1BD	0x1414FBC	61	92	0x01634B0
ODYSSEY-TXT-000212	relocated	0x017A25A	0x1415018	24	29	0x0163524
ODYSSEY-TXT-000213	relocated	0x017A2C8	0x1415038	20	21	0x0163548
ODYSSEY-TXT-000215	relocated	0x017A380	0x1415050	36	44	0x016358C
ODYSSEY-TXT-000216	relocated	0x017A3A4	0x141507C	11	14	0x0163590
ODYSSEY-TXT-000217	inplace	0x017A4CF	0x017A4CF	31	31	
ODYSSEY-TXT-000218	relocated	0x017A4EE	0x141508C	24	29	0x01636E0
ODYSSEY-TXT-000219	relocated	0x017A6ED	0x14150AC	42	43	0x01C493C
ODYSSEY-TXT-000220	relocated	0x017A88C	0x14150D8	40	45	0x0163A08
ODYSSEY-TXT-000221	inplace	0x017AA06	0x017AA06	46	31	
ODYSSEY-TXT-000222	relocated	0x017AA34	0x1415108	11	13	0x01639C4
ODYSSEY-TXT-000223	relocated	0x017AA3F	0x1415118	23	36	0x01639A0
ODYSSEY-TXT-000224	relocated	0x017ABD8	0x141513C	125	130	0x0163AC4
ODYSSEY-TXT-000225	inplace	0x017AD06	0x017AD06	101	99	
ODYSSEY-TXT-000226	relocated	0x017AD6B	0x14151C0	30	32	0x0163AEC
ODYSSEY-TXT-000227	relocated	0x017ADC5	0x14151E0	17	23	0x0163C58
ODYSSEY-TXT-000228	relocated	0x017B257	0x14151F8	18	27	0x0648500
ODYSSEY-TXT-000229	relocated	0x017B54D	0x1415214	56	63	0x0163FEC
ODYSSEY-TXT-000230	inplace	0x017B585	0x017B585	33	32	
ODYSSEY-TXT-000231	relocated	0x017BA64	0x1415254	177	203	0x0164028
ODYSSEY-TXT-000232	relocated	0x017BCA3	0x1415320	52	69	0x0163FB0
ODYSSEY-TXT-000233	relocated	0x017BD97	0x1415368	61	68	0x0164254
ODYSSEY-TXT-000234	relocated	0x017BDD4	0x14153AC	358	396	0x01642B8
ODYSSEY-TXT-000235	relocated	0x017BF08	0x1415538	50	57	0x12C48B8
ODYSSEY-TXT-000236	relocated	0x017C2A4	0x1415574	53	54	0x01645FC
ODYSSEY-TXT-000237	relocated	0x017C373	0x14155AC	50	61	0x0164620
ODYSSEY-TXT-000238	relocated	0x017C3A5	0x14155EC	41	42	0x0164624
ODYSSEY-TXT-000239	relocated	0x017C63E	0x1415618	34	47	0x016467C
ODYSSEY-TXT-000240	relocated	0x017C660	0x1415648	46	66	0x0164680
ODYSSEY-TXT-000241	relocated	0x017CA5A	0x141568C	175	189	0x01C53DC
ODYSSEY-TXT-000242	relocated	0x017CB09	0x141574C	17	19	0x01C543C
ODYSSEY-TXT-000243	inplace	0x017CB74	0x017CB74	76	73	
ODYSSEY-TXT-000244	inplace	0x017CBC0	0x017CBC0	53	50	
ODYSSEY-TXT-000245	inplace	0x017CBF5	0x017CBF5	97	96	
ODYSSEY-TXT-000246	inplace	0x017CE38	0x017CE38	103	100	
ODYSSEY-TXT-000247	relocated	0x017D086	0x1415760	44	50	0x0164C88
ODYSSEY-TXT-000248	relocated	0x017D28C	0x1415794	80	92	0x0164DC4
ODYSSEY-TXT-000249	relocated	0x017D4AA	0x14157F0	57	64	0x0165370
ODYSSEY-TXT-000250	relocated	0x017D72C	0x1415830	30	39	0x016561C
ODYSSEY-TXT-000251	relocated	0x017D895	0x1415858	42	54	0x0165864
ODYSSEY-TXT-000252	relocated	0x017DBD5	0x1415890	15	21	0x0165ABC
ODYSSEY-TXT-000253	relocated	0x017E0EA	0x14158A8	100	115	0x0165A38
ODYSSEY-TXT-000254	relocated	0x017E3E9	0x141591C	8	13	0x01C4A74
ODYSSEY-TXT-000255	relocated	0x017E55C	0x141592C	45	57	0x0166138
ODYSSEY-TXT-000256	inplace	0x017E602	0x017E602	36	34	
ODYSSEY-TXT-000257	inplace	0x017E6C7	0x017E6C7	47	42	
ODYSSEY-TXT-000258	inplace	0x017EB71	0x017EB71	36	35	
ODYSSEY-TXT-000259	relocated	0x017ECF6	0x1415968	103	121	0x0718B14
ODYSSEY-TXT-000260	relocated	0x017EE70	0x14159E4	44	66	0x01666D8
ODYSSEY-TXT-000261	relocated	0x017EE9C	0x1415A28	35	48	0x0166630
ODYSSEY-TXT-000262	relocated	0x017EEED	0x1415A58	26	36	0x0166664
ODYSSEY-TXT-000264	relocated	0x017EF3F	0x1415A7C	74	83	0x0166728
ODYSSEY-TXT-000265	relocated	0x017EF41	0x1415AD0	72	79	0x0700CD4
ODYSSEY-TXT-000266	relocated	0x017F166	0x1415B20	29	31	0x0641C2C
ODYSSEY-TXT-000267	relocated	0x017F1A1	0x1415B40	33	35	0x01667C4
ODYSSEY-TXT-000268	relocated	0x017F2A2	0x1415B64	21	26	0x0166828
ODYSSEY-TXT-000269	relocated	0x017F2CF	0x1415B80	74	82	0x016673C
ODYSSEY-TXT-000270	relocated	0x017F4C5	0x1415BD4	42	54	0x016684C
ODYSSEY-TXT-000271	relocated	0x017F568	0x1415C0C	78	89	0x0166894
ODYSSEY-TXT-000272	relocated	0x017FA11	0x1415C68	17	23	0x0166C88
ODYSSEY-TXT-000273	relocated	0x017FA22	0x1415C80	26	32	0x0166950
ODYSSEY-TXT-000274	relocated	0x017FA3C	0x1415CA0	59	67	0x0166BC0
ODYSSEY-TXT-000275	relocated	0x017FB23	0x1415CE4	68	73	0x0166B3C
ODYSSEY-TXT-000276	inplace	0x017FB67	0x017FB67	81	78	
ODYSSEY-TXT-000277	relocated	0x017FBC4	0x1415D30	60	69	0x0A930B8
ODYSSEY-TXT-000278	relocated	0x017FC00	0x1415D78	95	117	0x0166A58
ODYSSEY-TXT-000279	relocated	0x017FCC1	0x1415DF0	43	47	0x0166AC4
ODYSSEY-TXT-000280	relocated	0x017FDE5	0x1415E20	222	272	0x0A9DB60
ODYSSEY-TXT-000281	relocated	0x017FFC5	0x1415F30	86	115	0x0166CB8
ODYSSEY-TXT-000282	relocated	0x017FFD3	0x1415FA4	72	98	0x1A79D08
ODYSSEY-TXT-000283	relocated	0x017FFFF	0x1416008	28	38	0x01CE7B4,0x01D4134,0x1B05FD4
ODYSSEY-TXT-000284	relocated	0x018000F	0x1416030	12	19	0x1022F84
ODYSSEY-TXT-000285	relocated	0x01800C2	0x1416044	31	49	0x0166CFC
ODYSSEY-TXT-000286	relocated	0x01800E1	0x1416078	153	180	0x0166D20
ODYSSEY-TXT-000287	relocated	0x01801F8	0x141612C	44	59	0x1A46C3C
ODYSSEY-TXT-000288	relocated	0x018043F	0x1416168	69	71	0x01C4ADC
ODYSSEY-TXT-000289	relocated	0x0180517	0x14161B0	87	101	0x0B18E0C
ODYSSEY-TXT-000290	relocated	0x01806AB	0x1416218	40	42	0x0166DDC
ODYSSEY-TXT-000291	relocated	0x0180731	0x1416244	55	58	0x10264DC
ODYSSEY-TXT-000292	relocated	0x0180A32	0x1416280	37	43	0x01C4B44
ODYSSEY-TXT-000293	relocated	0x0180B34	0x14162AC	108	122	0x0167200
ODYSSEY-TXT-000294	relocated	0x0180F00	0x1416328	9	20	0x0AF82E0
ODYSSEY-TXT-000296	relocated	0x0181003	0x141633C	28	33	0x016737C
ODYSSEY-TXT-000297	inplace	0x01810A7	0x01810A7	46	46	
ODYSSEY-TXT-000298	relocated	0x018118F	0x1416360	48	60	0x0E40490,0x0E40694
ODYSSEY-TXT-000299	relocated	0x0181218	0x141639C	13	24	0x1A3EB6C
ODYSSEY-TXT-000300	relocated	0x0181225	0x14163B4	97	134	0x0167400
ODYSSEY-TXT-000301	relocated	0x0181299	0x141643C	49	57	0x016741C
ODYSSEY-TXT-000302	relocated	0x0181338	0x1416478	28	33	0x0459ED4
ODYSSEY-TXT-000304	relocated	0x0181402	0x141649C	80	95	0x0A400D8
ODYSSEY-TXT-000306	inplace	0x018161B	0x018161B	267	250	
ODYSSEY-TXT-000307	relocated	0x0181726	0x14164FC	40	36	0x0165424,0x0170BE8,0x01713C0,0x0171C9C
ODYSSEY-TXT-000308	relocated	0x018172C	0x1416520	34	32	0x10283D0
ODYSSEY-TXT-000309	relocated	0x0181818	0x1416540	64	88	0x1AF6CA0
ODYSSEY-TXT-000310	relocated	0x0181828	0x1416598	48	57	0x0D2855C
ODYSSEY-TXT-000311	relocated	0x0181914	0x14165D4	205	213	0x0AF13A0
ODYSSEY-TXT-000312	relocated	0x018194A	0x14166AC	151	153	0x0459EF8
ODYSSEY-TXT-000313	relocated	0x01819E1	0x1416748	41	47	0x0167554
ODYSSEY-TXT-000314	relocated	0x0181A33	0x1416778	7	7	0x1A680D8
ODYSSEY-TXT-000315	relocated	0x0181A88	0x1416780	31	37	0x0167794
ODYSSEY-TXT-000316	relocated	0x0181D14	0x14167A8	27	24	0x0AF34D0
ODYSSEY-TXT-000317	relocated	0x0181D15	0x14167C0	26	23	0x03F3E94
ODYSSEY-TXT-000318	relocated	0x0181E21	0x14167D8	38	45	0x0A27138
ODYSSEY-TXT-000319	relocated	0x0181F17	0x1416808	17	22	0x1A784BC
ODYSSEY-TXT-000320	relocated	0x018211E	0x1416820	7	8	0x0B11818
ODYSSEY-TXT-000322	relocated	0x0182125	0x1416828	132	134	0x01678C4
ODYSSEY-TXT-000323	relocated	0x01821F1	0x14168B0	46	48	0x01679C4
ODYSSEY-TXT-000324	relocated	0x018220D	0x14168E0	18	25	0x0B1FE64
ODYSSEY-TXT-000325	inplace	0x0182275	0x0182275	134	120	
ODYSSEY-TXT-000326	relocated	0x01823C7	0x14168FC	38	46	0x0167A0C
ODYSSEY-TXT-000327	relocated	0x01823ED	0x141692C	102	99	0x0167A8C
ODYSSEY-TXT-000328	relocated	0x018242A	0x1416990	41	36	0x0A9A874,0x0AA06E0
ODYSSEY-TXT-000329	relocated	0x018242D	0x14169B4	38	34	0x06B3CFC
ODYSSEY-TXT-000330	relocated	0x01824B7	0x14169D8	24	29	0x0167AB0
ODYSSEY-TXT-000331	inplace	0x01824CF	0x01824CF	32	25	
ODYSSEY-TXT-000332	relocated	0x0182521	0x14169F8	21	26	0x0167AE8
ODYSSEY-TXT-000334	inplace	0x0182536	0x0182536	76	71	
ODYSSEY-TXT-000335	relocated	0x0182623	0x1416A14	148	151	0x0167B88
ODYSSEY-TXT-000336	relocated	0x0182633	0x1416AAC	132	144	0x0AA1400
ODYSSEY-TXT-000337	relocated	0x0182D10	0x1416B3C	126	121	0x0712318
ODYSSEY-TXT-000338	relocated	0x0182D42	0x1416BB8	76	83	0x0AD6A98
ODYSSEY-TXT-000339	relocated	0x0182E42	0x1416C0C	84	102	0x0A16F38
ODYSSEY-TXT-000340	inplace	0x0182E96	0x0182E96	107	103	
ODYSSEY-TXT-000341	relocated	0x0182FC1	0x1416C74	24	26	0x01C4BAC
ODYSSEY-TXT-000342	inplace	0x018306C	0x018306C	215	187	
ODYSSEY-TXT-000343	relocated	0x01831EF	0x1416C90	102	103	0x0167EE4
ODYSSEY-TXT-000344	inplace	0x0183387	0x0183387	50	50	
ODYSSEY-TXT-000345	relocated	0x01833B9	0x1416CF8	129	151	0x0167F54
ODYSSEY-TXT-000346	relocated	0x0183482	0x1416D90	15	18	0x0167F70
ODYSSEY-TXT-000347	relocated	0x018363F	0x1416DA4	13	15	0x01A9530
ODYSSEY-TXT-000348	relocated	0x0183724	0x1416DB4	34	44	0x03F5428
ODYSSEY-TXT-000349	relocated	0x018374F	0x1416DE0	55	69	0x01A9574
ODYSSEY-TXT-000350	relocated	0x01837BD	0x1416E28	18	24	0x01A9438
ODYSSEY-TXT-000351	relocated	0x0183891	0x1416E40	11	13	0x01A95AC
ODYSSEY-TXT-000352	relocated	0x0183957	0x1416E50	68	77	0x01A95F0
ODYSSEY-TXT-000353	inplace	0x01839B4	0x01839B4	33	31	
ODYSSEY-TXT-000354	inplace	0x0183A83	0x0183A83	60	59	
ODYSSEY-TXT-000355	relocated	0x0183C25	0x1416EA0	67	69	0x01C4A0C
ODYSSEY-TXT-000356	relocated	0x0183E3C	0x1416EE8	18	28	0x01A9A4C
ODYSSEY-TXT-000357	relocated	0x0183E8D	0x1416F04	18	28	0x01A9AC8
ODYSSEY-TXT-000358	relocated	0x0183ED4	0x1416F20	51	59	0x01A99D0
ODYSSEY-TXT-000359	inplace	0x0183F24	0x0183F24	45	41	
ODYSSEY-TXT-000360	inplace	0x0183FAB	0x0183FAB	25	19	
ODYSSEY-TXT-000361	inplace	0x018401A	0x018401A	17	17	
ODYSSEY-TXT-000362	inplace	0x0184067	0x0184067	48	43	
ODYSSEY-TXT-000363	relocated	0x0184100	0x1416F5C	14	14	0x01AA244
ODYSSEY-TXT-000364	relocated	0x0184102	0x1416F6C	12	10	0x070CF68
ODYSSEY-TXT-000365	relocated	0x0184162	0x1416F78	26	31	0x01AA304
ODYSSEY-TXT-000366	relocated	0x01841C8	0x1416F98	37	41	0x01AA288
ODYSSEY-TXT-000367	relocated	0x0184210	0x1416FC4	11	23	0x01AA14C
ODYSSEY-TXT-000368	relocated	0x018427A	0x1416FDC	57	71	0x01AA2C0
ODYSSEY-TXT-000369	relocated	0x0184350	0x1417024	42	55	0x01AA190
ODYSSEY-TXT-000371	relocated	0x018444F	0x141705C	23	24	0x01AA33C
ODYSSEY-TXT-000372	inplace	0x0184576	0x0184576	46	43	
ODYSSEY-TXT-000373	relocated	0x0184675	0x1417074	22	29	0x01AA3C4
ODYSSEY-TXT-000374	relocated	0x0184719	0x1417094	41	46	0x01AA40C
ODYSSEY-TXT-000375	relocated	0x0184767	0x14170C4	19	22	0x01AA444
ODYSSEY-TXT-000376	relocated	0x01847F0	0x14170DC	84	90	0x01A9EA8
ODYSSEY-TXT-000377	relocated	0x0184890	0x1417138	14	21	0x01A9E2C
ODYSSEY-TXT-000378	inplace	0x01848CC	0x01848CC	18	18	
ODYSSEY-TXT-000379	relocated	0x018491C	0x1417150	21	22	0x01A9EE0
ODYSSEY-TXT-000380	inplace	0x01849B0	0x01849B0	47	41	
ODYSSEY-TXT-000381	relocated	0x0184A04	0x1417168	13	17	0x01A9F5C
ODYSSEY-TXT-000382	relocated	0x0184A8C	0x141717C	50	68	0x01A9DB0
ODYSSEY-TXT-000383	relocated	0x0184AF1	0x14171C0	39	51	0x01A9F24
ODYSSEY-TXT-000384	relocated	0x0184B32	0x14171F4	9	14	0x01A9DE8
ODYSSEY-TXT-000385	relocated	0x0184BE5	0x1417204	22	30	0x01AA054
ODYSSEY-TXT-000386	relocated	0x0184C2D	0x1417224	51	62	0x01AA0D0
ODYSSEY-TXT-000387	relocated	0x0184CBB	0x1417264	54	56	0x01AA098
ODYSSEY-TXT-000388	relocated	0x0184D31	0x141729C	28	36	0x01A9FD8
ODYSSEY-TXT-000389	relocated	0x0184DE4	0x14172C0	32	38	0x01AA114
ODYSSEY-TXT-000390	relocated	0x0184F7E	0x14172E8	16	21	0x01A9CF0
ODYSSEY-TXT-000391	relocated	0x0184FEF	0x1417300	34	46	0x01A9B44
ODYSSEY-TXT-000392	relocated	0x018504A	0x1417330	32	41	0x01A9C3C
ODYSSEY-TXT-000393	relocated	0x0185114	0x141735C	33	40	0x01A9D34
ODYSSEY-TXT-000394	relocated	0x018514E	0x1417384	19	20	0x01A9D6C
ODYSSEY-TXT-000395	relocated	0x0185250	0x1417398	22	35	0x01A9C74
ODYSSEY-TXT-000396	inplace	0x01852C1	0x01852C1	34	32	
ODYSSEY-TXT-000397	relocated	0x0185432	0x14173BC	28	33	0x01AA488
ODYSSEY-TXT-000398	relocated	0x0185475	0x14173E0	19	25	0x01AA4C0
ODYSSEY-TXT-000399	relocated	0x018559B	0x14173FC	11	12	0x01AA5B8
ODYSSEY-TXT-000400	relocated	0x01856D0	0x1417408	15	18	0x01AA53C
ODYSSEY-TXT-000401	relocated	0x018574D	0x141741C	74	89	0x01AA580
ODYSSEY-TXT-000402	relocated	0x01857F1	0x1417478	46	63	0x01AA638
ODYSSEY-TXT-000403	relocated	0x01858E2	0x14174B8	38	46	0x01AA688
ODYSSEY-TXT-000404	relocated	0x01859F9	0x14174E8	62	71	0x01AA878
ODYSSEY-TXT-000405	inplace	0x0185A56	0x0185A56	12	12	
ODYSSEY-TXT-000406	relocated	0x0185B48	0x1417530	31	39	0x01AA834
ODYSSEY-TXT-000407	relocated	0x0185BCA	0x1417558	17	19	0x01AA7B8
ODYSSEY-TXT-000408	inplace	0x0185C95	0x0185C95	19	18	
ODYSSEY-TXT-000409	relocated	0x0185D1D	0x141756C	22	26	0x01AA6C0
ODYSSEY-TXT-000410	relocated	0x0185D89	0x1417588	46	52	0x01AA7FC
ODYSSEY-TXT-000411	relocated	0x0185DB7	0x14175BC	56	72	0x01680B8
ODYSSEY-TXT-000412	inplace	0x0185E81	0x0185E81	27	22	
ODYSSEY-TXT-000413	relocated	0x0185FAE	0x1417604	13	17	0x01AAB1C
ODYSSEY-TXT-000414	relocated	0x018610A	0x1417618	19	33	0x01AAA24
ODYSSEY-TXT-000415	inplace	0x01861BE	0x01861BE	57	57	
ODYSSEY-TXT-000416	relocated	0x0186239	0x141763C	42	50	0x01AA970
ODYSSEY-TXT-000417	relocated	0x0186291	0x1417670	12	14	0x01AA9A8
ODYSSEY-TXT-000418	inplace	0x0186362	0x0186362	12	10	
ODYSSEY-TXT-000419	inplace	0x0186399	0x0186399	30	28	
ODYSSEY-TXT-000420	inplace	0x01863EA	0x01863EA	35	32	
ODYSSEY-TXT-000421	relocated	0x018649C	0x1417680	55	66	0x01AABEC
ODYSSEY-TXT-000422	relocated	0x0186612	0x14176C4	11	12	0x01AAE14
ODYSSEY-TXT-000423	relocated	0x018667A	0x14176D0	19	23	0x01AAD1C
ODYSSEY-TXT-000424	relocated	0x01867C1	0x14176E8	25	34	0x01AACA0
ODYSSEY-TXT-000425	relocated	0x01868E8	0x141770C	9	15	0x01AAC24
ODYSSEY-TXT-000426	inplace	0x018697C	0x018697C	62	56	
ODYSSEY-TXT-000427	relocated	0x0186A40	0x141771C	21	26	0x01AAD98
ODYSSEY-TXT-000428	relocated	0x0186ACB	0x1417738	63	66	0x01AAE94
ODYSSEY-TXT-000429	relocated	0x0186BD2	0x141777C	44	49	0x01AAEE4
ODYSSEY-TXT-000430	relocated	0x0186C5F	0x14177B0	22	23	0x01AAF1C
ODYSSEY-TXT-000431	relocated	0x0186CC5	0x14177C8	32	45	0x01AAFDC
ODYSSEY-TXT-000432	inplace	0x0186D06	0x0186D06	16	12	
ODYSSEY-TXT-000433	inplace	0x0186D5A	0x0186D5A	127	123	
ODYSSEY-TXT-000434	relocated	0x0186EB4	0x14177F8	19	27	0x01AAF98
ODYSSEY-TXT-000435	inplace	0x0186F98	0x0186F98	37	30	
ODYSSEY-TXT-000436	relocated	0x0186FFA	0x1417814	45	50	0x01AB094
ODYSSEY-TXT-000437	relocated	0x01870F9	0x1417848	39	41	0x01AB0E4
ODYSSEY-TXT-000438	inplace	0x01871AE	0x01871AE	12	9	
ODYSSEY-TXT-000439	relocated	0x018725A	0x1417874	35	50	0x01AB258
ODYSSEY-TXT-000440	relocated	0x01872A5	0x14178A8	24	34	0x01AB350
ODYSSEY-TXT-000441	inplace	0x01872E3	0x01872E3	8	7	
ODYSSEY-TXT-000442	inplace	0x0187333	0x0187333	47	47	
ODYSSEY-TXT-000443	relocated	0x0187395	0x14178CC	10	13	0x01AB290
ODYSSEY-TXT-000444	relocated	0x01873FF	0x14178DC	30	44	0x01AB2D4
ODYSSEY-TXT-000445	relocated	0x0187429	0x1417908	9	10	0x01AB30C
ODYSSEY-TXT-000446	inplace	0x0187472	0x0187472	7	6	
ODYSSEY-TXT-000447	relocated	0x01874C9	0x1417914	27	30	0x01AB1DC
ODYSSEY-TXT-000448	relocated	0x018757B	0x1417934	67	71	0x01681D4
ODYSSEY-TXT-000451	relocated	0x01877EE	0x141797C	35	46	0x01AB448
ODYSSEY-TXT-000452	relocated	0x018783E	0x14179AC	20	23	0x01AB480
ODYSSEY-TXT-000454	relocated	0x01879C3	0x14179C4	16	21	0x01AB578
ODYSSEY-TXT-000455	relocated	0x0187A44	0x14179DC	12	18	0x01AB5F4
ODYSSEY-TXT-000456	inplace	0x0187ACA	0x0187ACA	48	47	
ODYSSEY-TXT-000457	relocated	0x0187B35	0x14179F0	40	50	0x01AB5BC
ODYSSEY-TXT-000458	relocated	0x0187B85	0x1417A24	15	16	0x01AB670
ODYSSEY-TXT-000459	inplace	0x0187C06	0x0187C06	44	39	
ODYSSEY-TXT-000460	inplace	0x0187C9E	0x0187C9E	84	74	
ODYSSEY-TXT-000461	relocated	0x0187D7E	0x1417A34	47	60	0x01AB6F8
ODYSSEY-TXT-000462	inplace	0x0187EF6	0x0187EF6	46	43	
ODYSSEY-TXT-000463	relocated	0x0187F5A	0x1417A70	7	9	0x01AB7F4
ODYSSEY-TXT-000464	inplace	0x0187F92	0x0187F92	17	15	
ODYSSEY-TXT-000465	relocated	0x0187FF7	0x1417A7C	7	12	0x01AB778
ODYSSEY-TXT-000466	relocated	0x0188086	0x1417A88	8	19	0x0E3CCD8,0x0E3CE74
ODYSSEY-TXT-000467	relocated	0x01880AB	0x1417A9C	29	40	0x01AB8EC
ODYSSEY-TXT-000468	relocated	0x0188139	0x1417AC4	44	47	0x01AB838
ODYSSEY-TXT-000469	relocated	0x018825C	0x1417AF4	31	33	0x01AB870
ODYSSEY-TXT-000470	relocated	0x018841D	0x1417B18	31	47	0x01ABA28
ODYSSEY-TXT-000471	relocated	0x0188424	0x1417B48	24	21	0x0D20360
ODYSSEY-TXT-000472	relocated	0x0188465	0x1417B60	57	64	0x01ABAA4
ODYSSEY-TXT-000473	relocated	0x01884F0	0x1417BA0	15	21	0x01ABADC
ODYSSEY-TXT-000474	relocated	0x0188555	0x1417BB8	61	75	0x01ABB20
ODYSSEY-TXT-000475	relocated	0x01885B2	0x1417C04	13	19	0x01ABB58
ODYSSEY-TXT-000476	relocated	0x01885F8	0x1417C18	58	59	0x01AB9E4
ODYSSEY-TXT-000477	relocated	0x0188618	0x1417C54	26	24	0x0E414DC,0x0E416D8,0x0E42634,0x0E42830
ODYSSEY-TXT-000478	inplace	0x01886AE	0x01886AE	23	19	
ODYSSEY-TXT-000479	relocated	0x0188734	0x1417C6C	42	51	0x01ABBA4
ODYSSEY-TXT-000480	relocated	0x01887F1	0x1417CA0	33	38	0x01ABBE0
ODYSSEY-TXT-000481	relocated	0x0188800	0x1417CC8	18	16	0x0E3BC34,0x0E3BE30
ODYSSEY-TXT-000482	relocated	0x0188C3C	0x1417CD8	87	99	0x016869C
ODYSSEY-TXT-000483	inplace	0x0188C93	0x0188C93	47	43	
ODYSSEY-TXT-000484	inplace	0x0188DF1	0x0188DF1	131	125	
ODYSSEY-TXT-000485	relocated	0x0188E94	0x1417D3C	15	18	0x01A9720
ODYSSEY-TXT-000486	relocated	0x0188F0A	0x1417D50	34	39	0x01A9764
ODYSSEY-TXT-000487	relocated	0x0188F46	0x1417D78	13	19	0x01A96A4
ODYSSEY-TXT-000488	inplace	0x0188F95	0x0188F95	18	15	
ODYSSEY-TXT-000489	relocated	0x0188FF9	0x1417D8C	34	39	0x01A96E8
ODYSSEY-TXT-000490	relocated	0x018909E	0x1417DB4	34	39	0x01A966C
ODYSSEY-TXT-000491	inplace	0x01890E6	0x01890E6	15	14	
ODYSSEY-TXT-000492	relocated	0x01891B3	0x1417DDC	56	57	0x01A97E0
ODYSSEY-TXT-000493	inplace	0x0189212	0x0189212	11	10	
ODYSSEY-TXT-000494	relocated	0x0189281	0x1417E18	40	51	0x01A985C
ODYSSEY-TXT-000495	relocated	0x01892D9	0x1417E4C	22	38	0x01A9818
ODYSSEY-TXT-000496	relocated	0x0189364	0x1417E74	20	24	0x01A9894
ODYSSEY-TXT-000497	relocated	0x01893FB	0x1417E8C	40	49	0x01A98D8
ODYSSEY-TXT-000498	relocated	0x0189459	0x1417EC0	37	40	0x01A9910
ODYSSEY-TXT-000499	relocated	0x018951C	0x1417EE8	48	54	0x01A9954
ODYSSEY-TXT-000500	relocated	0x018954C	0x1417F20	29	35	0x0168748
ODYSSEY-TXT-000501	relocated	0x0189569	0x1417F44	89	106	0x01ACE60
ODYSSEY-TXT-000502	relocated	0x0189657	0x1417FB0	53	58	0x01ABC28
ODYSSEY-TXT-000503	inplace	0x01896AC	0x01896AC	21	19	
ODYSSEY-TXT-000504	inplace	0x0189740	0x0189740	39	29	
ODYSSEY-TXT-000505	relocated	0x01897A4	0x1417FEC	33	36	0x01ABCDC
ODYSSEY-TXT-000506	relocated	0x018984B	0x1418010	56	63	0x01ABD20
ODYSSEY-TXT-000507	relocated	0x01898AB	0x1418050	25	34	0x01ABD58
ODYSSEY-TXT-000508	relocated	0x018992C	0x1418074	36	49	0x01ABD9C
ODYSSEY-TXT-000509	relocated	0x018998C	0x14180A8	12	16	0x01ABDD4
ODYSSEY-TXT-000510	inplace	0x01899A7	0x01899A7	39	34	
ODYSSEY-TXT-000511	inplace	0x0189A13	0x0189A13	64	57	
ODYSSEY-TXT-000512	relocated	0x0189A92	0x14180B8	13	16	0x01ABE50
ODYSSEY-TXT-000513	relocated	0x0189B24	0x14180C8	41	48	0x01ABE94
ODYSSEY-TXT-000514	inplace	0x0189B84	0x0189B84	31	30	
ODYSSEY-TXT-000515	relocated	0x0189C7E	0x14180F8	45	50	0x01ABF20
ODYSSEY-TXT-000516	relocated	0x0189D32	0x141812C	40	52	0x0168764
ODYSSEY-TXT-000517	relocated	0x0189D8B	0x1418160	24	25	0x01ABF58
ODYSSEY-TXT-000518	inplace	0x0189FA8	0x0189FA8	51	47	
ODYSSEY-TXT-000519	relocated	0x0189FEE	0x141817C	18	36	0x01AC050
ODYSSEY-TXT-000520	relocated	0x018A0F7	0x14181A0	15	17	0x01AC0D0
ODYSSEY-TXT-000521	relocated	0x018A1B2	0x14181B4	27	33	0x01AC120
ODYSSEY-TXT-000522	relocated	0x018A2D8	0x14181D8	47	49	0x01687D8
ODYSSEY-TXT-000523	relocated	0x018A307	0x141820C	50	56	0x01687B0
ODYSSEY-TXT-000524	relocated	0x018A339	0x1418244	82	84	0x01687C4
ODYSSEY-TXT-000525	inplace	0x018A40E	0x018A40E	34	34	
ODYSSEY-TXT-000526	inplace	0x018A4C6	0x018A4C6	72	72	
ODYSSEY-TXT-000527	relocated	0x018A535	0x1418298	32	36	0x01AC1D4
ODYSSEY-TXT-000528	relocated	0x018A601	0x14182BC	68	75	0x01AC218
ODYSSEY-TXT-000529	inplace	0x018A67F	0x018A67F	26	15	
ODYSSEY-TXT-000530	relocated	0x018A715	0x1418308	53	66	0x01AC294
ODYSSEY-TXT-000531	relocated	0x018A774	0x141834C	18	22	0x06461F8
ODYSSEY-TXT-000532	inplace	0x018A786	0x018A786	38	31	
ODYSSEY-TXT-000533	relocated	0x018A940	0x1418364	105	111	0x0168924
ODYSSEY-TXT-000534	relocated	0x018AB37	0x14183D4	60	63	0x01AC310
ODYSSEY-TXT-000535	relocated	0x018AD59	0x1418414	109	120	0x01689B4
ODYSSEY-TXT-000536	relocated	0x018AEA8	0x141848C	14	21	0x01AC348
ODYSSEY-TXT-000537	relocated	0x018AF45	0x14184A4	45	47	0x01AC38C
ODYSSEY-TXT-000538	relocated	0x018AFCC	0x14184D4	38	50	0x01AC3C4
ODYSSEY-TXT-000539	relocated	0x018B02E	0x1418508	14	16	0x01689E8
ODYSSEY-TXT-000540	relocated	0x018B05E	0x1418518	55	61	0x0168A10
ODYSSEY-TXT-000541	inplace	0x018B105	0x018B105	57	53	
ODYSSEY-TXT-000542	relocated	0x018B171	0x1418558	168	193	0x0168AC4
ODYSSEY-TXT-000543	relocated	0x018B282	0x141861C	88	91	0x0168A24
ODYSSEY-TXT-000545	inplace	0x018B451	0x018B451	62	57	
ODYSSEY-TXT-000546	relocated	0x018B4C5	0x1418678	12	16	0x01AC440
ODYSSEY-TXT-000547	inplace	0x018B573	0x018B573	85	78	
ODYSSEY-TXT-000548	relocated	0x018B5F4	0x1418688	58	59	0x01AC4C0
ODYSSEY-TXT-000549	inplace	0x018B720	0x018B720	66	52	
ODYSSEY-TXT-000550	relocated	0x018B7F0	0x14186C4	13	16	0x01AC548
ODYSSEY-TXT-000551	relocated	0x018B84D	0x14186D4	30	37	0x0168B30
ODYSSEY-TXT-000552	relocated	0x018B988	0x14186FC	29	34	0x01AC5C4
ODYSSEY-TXT-000553	relocated	0x018BA57	0x1418720	47	55	0x01AC608
ODYSSEY-TXT-000554	relocated	0x018BAC0	0x1418758	32	36	0x01AC640
ODYSSEY-TXT-000895	relocated	0x01A62D3	0x141877C	134	148	0x01A7770
ODYSSEY-TXT-001243	relocated	0x01B9BD0	0x1418810	17	20	0x045B50C
ODYSSEY-TXT-001248	relocated	0x01B9DC5	0x1418824	176	194	0x045B52C
ODYSSEY-TXT-001269	relocated	0x01BC4AC	0x14188E8	34	43	0x00817BC
ODYSSEY-TXT-001270	relocated	0x01BC4CE	0x1418914	63	75	0x0080AA8,0x0080C30
ODYSSEY-TXT-001271	relocated	0x01BC50D	0x1418960	63	74	0x0080BC0
ODYSSEY-TXT-001272	relocated	0x01BC54C	0x14189AC	38	46	0x0080AC8
ODYSSEY-TXT-001278	relocated	0x01BCA13	0x14189DC	48	55	0x01BC018
ODYSSEY-TXT-001281	relocated	0x01BD338	0x1418A14	42	43	0x01BBC98
ODYSSEY-TXT-001283	inplace	0x01BE09D	0x01BE09D	69	68	
ODYSSEY-TXT-001285	relocated	0x01BE469	0x1418A40	50	56	0x01BE3A8
ODYSSEY-TXT-001288	inplace	0x01BF1FB	0x01BF1FB	39	36	
ODYSSEY-TXT-001306	relocated	0x01C137C	0x1418A78	90	95	0x010C6CC
ODYSSEY-TXT-001423	relocated	0x01C55C9	0x1418AD8	33	36	0x006F7D4
ODYSSEY-TXT-001424	inplace	0x01C55EA	0x01C55EA	59	52	
ODYSSEY-TXT-003004	relocated	0x03FCE78	0x1418AFC	24	29	0x03FE2B4
ODYSSEY-TXT-003005	inplace	0x03FCE90	0x03FCE90	24	19	
ODYSSEY-TXT-003006	relocated	0x03FCF54	0x1418B1C	24	29	0x03FE2DC
ODYSSEY-TXT-003096	relocated	0x03FE868	0x1418B3C	8	12	0x003FF68
ODYSSEY-TXT-003143	relocated	0x0415A97	0x1418B48	13	15	0x000C9BC
ODYSSEY-TXT-003144	relocated	0x0415AA4	0x1418B58	39	42	0x000CBE8
ODYSSEY-TXT-003145	relocated	0x0415ACB	0x1418B84	67	76	0x000CC04
ODYSSEY-TXT-003149	inplace	0x0415C64	0x0415C64	43	42	
ODYSSEY-TXT-003182	relocated	0x041614B	0x1418BD0	47	64	0x006F9B0
ODYSSEY-TXT-003455	relocated	0x0418379	0x1418C10	25	36	0x03CEB18
ODYSSEY-TXT-003518	relocated	0x0418C83	0x1418C34	86	117	0x00F51FC
ODYSSEY-TXT-003519	relocated	0x0418CD9	0x1418CAC	151	155	0x00F5278
ODYSSEY-TXT-003577	relocated	0x0419F54	0x1418D48	34	39	0x0054100,0x006FC74,0x00F2214,0x014D148,0x0155ACC
ODYSSEY-TXT-003583	inplace	0x041A111	0x041A111	68	65	
ODYSSEY-TXT-003698	relocated	0x041B426	0x1418D70	67	71	0x045ABAC
ODYSSEY-TXT-003699	inplace	0x041B469	0x041B469	59	52	
ODYSSEY-TXT-003700	relocated	0x041B4A4	0x1418DB8	34	39	0x045ABC4
ODYSSEY-TXT-003721	inplace	0x041B716	0x041B716	49	49	
ODYSSEY-TXT-003744	relocated	0x041CC42	0x1418DE0	34	39	0x014A1CC
ODYSSEY-TXT-003833	relocated	0x041DE9D	0x1418E08	83	95	0x000AF28
ODYSSEY-TXT-003834	relocated	0x041DEF0	0x1418E68	21	25	0x000AEC8
ODYSSEY-TXT-003835	relocated	0x041DF4C	0x1418E84	31	36	0x000B000
ODYSSEY-TXT-003836	inplace	0x041DF6B	0x041DF6B	23	23	
ODYSSEY-TXT-003908	relocated	0x041E7BC	0x1418EA8	21	25	0x0142CC8,0x0142D6C,0x01435A8
ODYSSEY-TXT-003926	inplace	0x041EA86	0x041EA86	49	41	
ODYSSEY-TXT-003927	inplace	0x041EAB7	0x041EAB7	48	40	
ODYSSEY-TXT-003938	relocated	0x041EC6A	0x1418EC4	47	60	0x0142E1C
ODYSSEY-TXT-003946	relocated	0x041EDBD	0x1418F00	13	15	0x01423B0
ODYSSEY-TXT-004403	relocated	0x04576C4	0x1418F10	39	51	0x0116440
ODYSSEY-TXT-004416	relocated	0x0457A70	0x1418F44	39	40	0x0457B08
ODYSSEY-TXT-004418	relocated	0x0457AD0	0x1418F6C	51	54	0x0457B10
ODYSSEY-TXT-004420	inplace	0x0457B2C	0x0457B2C	32	30	
ODYSSEY-TXT-004421	relocated	0x0457B4C	0x1418FA4	35	36	0x0457B88,0x0457B8C
ODYSSEY-TXT-004424	inplace	0x0457C48	0x0457C48	91	81	
ODYSSEY-TXT-004434	relocated	0x0457F00	0x1418FC8	60	69	0x0457F84
ODYSSEY-TXT-004435	relocated	0x0457F3C	0x1419010	68	78	0x0457F8C
ODYSSEY-TXT-004471	inplace	0x0458D54	0x0458D54	33	30	
ODYSSEY-TXT-004472	inplace	0x0458D78	0x0458D78	34	32	
ODYSSEY-TXT-004474	relocated	0x0458DBC	0x1419060	43	44	0x0119464
ODYSSEY-TXT-004475	inplace	0x0458DE8	0x0458DE8	37	37	
ODYSSEY-TXT-004476	inplace	0x0458E10	0x0458E10	37	30	
ODYSSEY-TXT-004477	relocated	0x0458E70	0x141908C	42	48	0x01196E8
ODYSSEY-TXT-005839	inplace	0x101DF98	0x101DF98	8	8	
ODYSSEY-TXT-005850	inplace	0x102A3B0	0x102A3B0	8	8	
ODYSSEY-TXT-005954	relocated	0x1045A50	0x14190BC	9	16	0x000C868,0x000C8E8,0x000C9B8,0x0C06C10
ODYSSEY-TXT-006273	relocated	0x10C2B00	0x14190CC	16	17	0x000C8E4,0x000C9B4,0x0C06C2C
ODYSSEY-TXT-006776	inplace	0x1B0CB0A	0x1B0CB0A	8	8	
